City_ID,City,Country,Date,Lat,Lng,Max Temp,Humidity,Cloudiness,Wind Speed
0,Castro,BR,2021-05-29 19:11:12,-24.7911,-50.0119,72.72,64,5,10.18
1,Bilibino,RU,2021-05-29 19:16:08,68.0546,166.4372,46.42,54,89,2.26
2,Atuona,PF,2021-05-29 19:12:27,-9.8,-139.0333,78.71,71,3,10.58
3,Georgetown,MY,2021-05-29 19:11:21,5.4112,100.3354,84.13,83,20,5.01
4,Ust-Tarka,RU,2021-05-29 19:16:08,55.5672,75.705,62.35,49,74,10.49
5,Avarua,CK,2021-05-29 19:16:09,-21.2078,-159.775,75.25,64,17,4.61
6,Namibe,AO,2021-05-29 19:16:09,-15.1961,12.1522,72.75,77,1,5.66
7,Chokurdakh,RU,2021-05-29 19:16:09,70.6333,147.9167,49.46,50,9,10.02
8,Vaini,TO,2021-05-29 19:16:10,-21.2,-175.2,73.56,94,75,1.14
9,Carlyle,US,2021-05-29 19:15:37,38.6103,-89.3726,60.39,69,68,1.01
10,Punta Arenas,CL,2021-05-29 19:12:11,-53.15,-70.9167,39.31,41,75,19.13
11,Saint-Philippe,RE,2021-05-29 19:16:10,-21.3585,55.7679,69.35,80,22,5.23
12,Rikitea,PF,2021-05-29 19:16:11,-23.1203,-134.9692,77.05,86,100,19.75
13,Busselton,AU,2021-05-29 19:15:03,-33.65,115.3333,54.09,93,91,11.03
14,Port Alfred,ZA,2021-05-29 19:16:11,-33.5906,26.891,61.68,75,99,29.12
15,Victoria,HK,2021-05-29 19:15:01,22.2855,114.1577,86.38,88,92,1.99
16,Tiksi,RU,2021-05-29 19:16:11,71.6872,128.8694,30.63,97,74,8.81
17,Kapaa,US,2021-05-29 19:14:59,22.0752,-159.319,80.92,71,75,1.99
18,Cidreira,BR,2021-05-29 19:16:12,-30.1811,-50.2056,65.86,65,0,11.18
19,Kodiak,US,2021-05-29 19:16:12,57.79,-152.4072,45.91,93,90,9.22
20,Dalbandin,PK,2021-05-29 19:16:12,28.8947,64.4101,86.72,12,0,4.16
21,Cairns,AU,2021-05-29 19:16:13,-16.9167,145.7667,69.75,78,70,8.05
22,Mataura,NZ,2021-05-29 19:16:13,-46.1927,168.8643,49.48,96,100,4.88
23,Cabo San Lucas,MX,2021-05-29 19:15:45,22.8909,-109.9124,101.52,45,40,3.44
24,Faanui,PF,2021-05-29 19:16:14,-16.4833,-151.75,79.43,68,54,5.01
25,Bluff,NZ,2021-05-29 19:16:14,-46.6,168.3333,49.8,87,100,19.77
26,Port Elizabeth,ZA,2021-05-29 19:12:04,-33.918,25.5701,56.1,94,90,10.36
27,Torbay,CA,2021-05-29 19:16:14,47.6666,-52.7314,50.88,69,75,16.11
28,Adrar,MR,2021-05-29 19:16:15,20.5022,-10.0711,101.82,8,100,10.31
29,Praxedis Guerrero,MX,2021-05-29 19:16:15,31.3667,-106.0167,92.66,10,3,3.67
30,Pangkalanbuun,ID,2021-05-29 19:16:15,-2.6833,111.6167,72.82,98,87,2.15
31,Ancud,CL,2021-05-29 19:14:14,-41.8697,-73.8203,50.43,72,100,8.19
32,Cape Town,ZA,2021-05-29 19:13:58,-33.9258,18.4232,60.28,87,4,1.99
33,Butaritari,KI,2021-05-29 19:16:16,3.0707,172.7902,82.69,78,100,15.79
34,Narrabri,AU,2021-05-29 19:16:16,-30.3167,149.7833,41.09,81,100,11.5
35,New Norfolk,AU,2021-05-29 19:16:17,-42.7826,147.0587,45.9,76,32,3.4
36,Ushuaia,AR,2021-05-29 19:16:14,-54.8,-68.3,29.86,93,90,18.41
37,Thompson,CA,2021-05-29 19:16:17,55.7435,-97.8558,57.36,58,90,18.41
38,Albany,US,2021-05-29 19:16:17,42.6001,-73.9662,52.14,78,100,6.17
39,Amapa,BR,2021-05-29 19:16:18,1.0,-52.0,80.55,94,21,3.71
40,Guerrero Negro,MX,2021-05-29 19:16:18,27.9769,-114.0611,67.35,62,41,17.98
41,Pochutla,MX,2021-05-29 19:16:18,15.7432,-96.4661,88.83,45,64,9.82
42,Emerald,AU,2021-05-29 19:16:18,-23.5333,148.1667,53.74,50,44,11.5
43,Puerto Ayora,EC,2021-05-29 19:16:19,-0.7393,-90.3518,82.36,81,59,8.01
44,Esperance,AU,2021-05-29 19:16:19,-33.8667,121.9,62.44,84,100,19.28
45,Sitka,US,2021-05-29 19:16:19,57.0531,-135.33,51.69,76,90,6.91
46,Beloha,MG,2021-05-29 19:16:20,-25.1667,45.05,64.9,78,0,4.0
47,Gazanjyk,TM,2021-05-29 19:16:20,39.2446,55.5154,95.76,13,0,5.84
48,Ayr,GB,2021-05-29 19:13:22,55.4627,-4.6339,64.98,85,20,1.45
49,Brumunddal,NO,2021-05-29 19:16:20,60.881,10.9395,69.26,62,33,1.66
50,Karratha,AU,2021-05-29 19:16:21,-20.7377,116.8463,73.26,74,100,2.64
51,Tuktoyaktuk,CA,2021-05-29 19:14:54,69.4541,-133.0374,31.95,76,100,7.14
52,Chara,RU,2021-05-29 19:16:21,56.9064,118.2631,46.89,73,71,1.43
53,East London,ZA,2021-05-29 19:16:21,-33.0153,27.9116,64.06,60,23,17.4
54,Tasiilaq,GL,2021-05-29 19:16:22,65.6145,-37.6368,39.36,97,100,13.6
55,Novyy Urengoy,RU,2021-05-29 19:16:22,66.0833,76.6333,47.57,53,100,21.09
56,Barrow,US,2021-05-29 19:16:22,71.2906,-156.7887,28.42,86,90,11.5
57,Lebu,CL,2021-05-29 19:16:23,-37.6167,-73.65,53.46,63,100,7.02
58,Yazykovo,RU,2021-05-29 19:16:23,55.2199,56.1353,65.52,54,91,4.32
59,Tommot,RU,2021-05-29 19:16:23,58.9564,126.2925,45.95,78,90,1.63
60,Vila Franca Do Campo,PT,2021-05-29 19:16:24,37.7167,-25.4333,66.61,74,62,4.09
61,Port-Cartier,CA,2021-05-29 19:16:24,50.0334,-66.8654,48.92,48,11,9.89
62,Salalah,OM,2021-05-29 19:16:24,17.0151,54.0924,84.29,89,75,8.05
63,Alyangula,AU,2021-05-29 19:16:25,-13.8483,136.4192,75.07,78,90,12.8
64,Vilhena,BR,2021-05-29 19:13:19,-12.7406,-60.1458,87.46,33,84,2.42
65,Hilo,US,2021-05-29 19:16:25,19.7297,-155.09,79.79,71,1,3.44
66,Provideniya,RU,2021-05-29 19:16:25,64.3833,-173.3,43.2,47,7,11.27
67,Yar-Sale,RU,2021-05-29 19:16:26,66.8333,70.8333,46.63,96,71,9.69
68,Nanortalik,GL,2021-05-29 19:16:26,60.1432,-45.2371,37.0,87,100,7.63
69,Sisimiut,GL,2021-05-29 19:13:02,66.9395,-53.6735,46.8,51,72,14.25
70,Adre,TD,2021-05-29 19:16:27,13.4667,22.2,88.65,10,98,9.35
71,Siverek,TR,2021-05-29 19:16:27,37.755,39.3167,70.41,55,0,5.73
72,Todos Santos,MX,2021-05-29 19:16:27,23.45,-110.2167,101.01,49,100,7.52
73,Richards Bay,ZA,2021-05-29 19:13:31,-28.783,32.0377,65.57,82,8,5.17
74,Hanzhong,CN,2021-05-29 19:16:28,33.0728,107.0303,66.22,86,41,1.92
75,Jining,CN,2021-05-29 19:16:28,35.405,116.5814,65.35,52,2,5.12
76,Soavinandriana,MG,2021-05-29 19:16:28,-19.1667,46.7333,52.52,70,0,3.42
77,Caravelas,BR,2021-05-29 19:16:29,-17.7125,-39.2481,79.9,72,55,7.87
78,Mar Del Plata,AR,2021-05-29 19:16:29,-38.0023,-57.5575,51.1,62,40,8.01
79,Ilebo,CD,2021-05-29 19:16:29,-4.3167,20.5833,79.41,58,77,0.13
80,Fare,PF,2021-05-29 19:16:29,-16.7,-151.0167,79.52,70,29,6.87
81,Abrau-Dyurso,RU,2021-05-29 19:16:30,44.69,37.59,63.86,87,100,13.04
82,Samarai,PG,2021-05-29 19:16:30,-10.6167,150.6667,78.17,77,100,14.32
83,Chibombo,ZM,2021-05-29 19:16:31,-14.6569,28.0706,56.55,35,0,3.91
84,Cherskiy,RU,2021-05-29 19:16:31,68.75,161.3,51.53,44,15,13.47
85,Pemba,MZ,2021-05-29 19:16:31,-12.974,40.5178,75.9,88,20,9.22
86,Pemangkat,ID,2021-05-29 19:16:31,1.1667,108.9667,79.07,85,100,5.75
87,Shimoda,JP,2021-05-29 19:16:32,34.6667,138.95,68.11,84,100,8.84
88,Kavaratti,IN,2021-05-29 19:16:32,10.5669,72.642,83.52,75,100,16.55
89,Batagay-Alyta,RU,2021-05-29 19:16:32,67.8006,130.4114,37.54,75,75,9.48
90,Saskylakh,RU,2021-05-29 19:16:33,71.9167,114.0833,29.71,97,46,6.98
91,Salta,AR,2021-05-29 19:16:33,-24.7859,-65.4117,64.99,54,20,4.0
92,Yellowknife,CA,2021-05-29 19:13:04,62.456,-114.3525,53.33,46,98,1.99
93,Port Lincoln,AU,2021-05-29 19:16:33,-34.7333,135.8667,56.1,64,0,17.58
94,Uige,AO,2021-05-29 19:16:34,-7.6087,15.0613,72.88,56,60,1.74
95,Khatanga,RU,2021-05-29 19:16:34,71.9667,102.5,36.32,82,100,10.83
96,Valparaiso,CL,2021-05-29 19:15:55,-33.0393,-71.6273,67.64,59,0,11.5
97,Labuhan,ID,2021-05-29 19:16:34,-6.8844,112.2051,77.5,88,100,5.99
98,Limbazi,LV,2021-05-29 19:16:35,57.5129,24.7194,52.03,54,3,8.03
99,Kez,RU,2021-05-29 19:16:35,57.8979,53.7152,59.83,96,100,6.51
100,Colesberg,ZA,2021-05-29 19:16:35,-30.72,25.0972,48.36,41,94,7.61
101,Trinidad,BO,2021-05-29 19:16:36,-14.8333,-64.9,89.58,58,40,5.75
102,Atagay,RU,2021-05-29 19:16:36,55.1033,99.3875,32.67,87,90,4.18
103,Opuwo,NA,2021-05-29 19:16:36,-18.0607,13.84,64.99,26,0,7.52
104,Skibbereen,IE,2021-05-29 19:16:37,51.55,-9.2667,58.8,81,9,3.8
105,Mizdah,LY,2021-05-29 19:16:37,31.4451,12.9801,84.36,27,52,14.7
106,Carnarvon,AU,2021-05-29 19:16:37,-24.8667,113.6333,60.87,94,40,5.75
107,Hobart,AU,2021-05-29 19:15:40,-42.8794,147.3294,46.26,75,90,1.01
108,Aldan,RU,2021-05-29 19:16:37,58.6031,125.3894,44.71,64,45,5.77
109,Sao Joao Da Barra,BR,2021-05-29 19:16:38,-21.6403,-41.0511,87.89,67,5,8.14
110,Mount Isa,AU,2021-05-29 19:16:38,-20.7333,139.5,53.37,43,0,5.75
111,Urzhum,RU,2021-05-29 19:16:38,57.1141,49.9996,59.54,94,90,4.12
112,Bairiki,KI,2021-05-29 19:16:39,1.3292,172.9752,82.4,83,75,14.38
113,Ronne,DK,2021-05-29 19:16:39,55.1009,14.7066,51.71,82,2,3.44
114,Hualmay,PE,2021-05-29 19:13:30,-11.0964,-77.6139,68.81,78,45,11.05
115,Andenes,NO,2021-05-29 19:16:39,69.3143,16.1194,47.07,87,75,16.11
116,Bredasdorp,ZA,2021-05-29 19:16:40,-34.5322,20.0403,53.28,90,5,5.95
117,Lardos,GR,2021-05-29 19:16:40,36.0942,28.0157,71.94,74,3,15.17
118,Qaanaaq,GL,2021-05-29 19:11:44,77.484,-69.3632,31.69,95,49,5.77
119,Carutapera,BR,2021-05-29 19:16:40,-1.195,-46.02,81.3,85,59,7.27
120,Ribeira Grande,PT,2021-05-29 19:16:41,38.5167,-28.7,68.4,73,75,4.61
121,Brae,GB,2021-05-29 19:16:41,60.3964,-1.353,46.31,78,5,3.76
122,Sioux Lookout,CA,2021-05-29 19:16:41,50.1001,-91.917,66.27,26,75,13.8
123,Dikson,RU,2021-05-29 19:16:42,73.5069,80.5464,20.28,96,14,2.55
124,College,US,2021-05-29 19:16:42,64.8569,-147.8028,46.58,46,75,11.5
125,Machilipatnam,IN,2021-05-29 19:16:42,16.1667,81.1333,89.51,62,88,6.11
126,Tura,IN,2021-05-29 19:15:15,25.5198,90.2201,73.22,90,70,3.6
127,Fortuna,US,2021-05-29 19:16:43,40.5982,-124.1573,81.48,92,90,16.11
128,Terrace,CA,2021-05-29 19:15:10,54.5163,-128.6035,59.43,54,75,5.75
129,Ndago,TZ,2021-05-29 19:16:43,-4.6,34.35,69.8,55,79,8.77
130,Vao,NC,2021-05-29 19:16:43,-22.6667,167.4833,68.09,67,98,20.67
131,Dhidhdhoo,MV,2021-05-29 19:16:44,6.8833,73.1,83.3,70,19,21.27
132,Nowa Sol,PL,2021-05-29 19:16:44,51.8033,15.717,55.87,73,97,9.46
133,Klaksvik,FO,2021-05-29 19:16:44,62.2266,-6.589,50.92,78,7,13.67
134,Zhigansk,RU,2021-05-29 19:16:45,66.7697,123.3711,45.03,68,3,5.41
135,Tigil,RU,2021-05-29 19:16:45,57.8,158.6667,39.61,75,99,3.58
136,Bathsheba,BB,2021-05-29 19:16:45,13.2167,-59.5167,86.61,54,20,14.61
137,Saldanha,ZA,2021-05-29 19:16:46,-33.0117,17.9442,59.56,82,35,8.14
138,Kahului,US,2021-05-29 19:16:46,20.8947,-156.47,80.96,65,20,9.22
139,Upernavik,GL,2021-05-29 19:16:41,72.7868,-56.1549,31.46,92,100,17.31
140,Geraldton,AU,2021-05-29 19:11:55,-28.7667,114.6,63.12,72,75,14.09
141,Pinotepa Nacional,MX,2021-05-29 19:16:46,16.3167,-98.0167,93.9,42,34,10.45
142,Venezuela,VE,2021-05-29 19:16:47,8.0,-66.0,91.56,44,12,15.7
143,West Odessa,US,2021-05-29 19:16:47,31.8424,-102.4988,83.68,56,1,11.65
144,Aksarayskiy,RU,2021-05-29 19:16:48,46.7924,48.0119,71.55,39,2,4.38
145,Masunga,BW,2021-05-29 19:16:48,-20.6246,27.4488,58.55,28,0,1.61
146,Pevek,RU,2021-05-29 19:16:48,69.7008,170.3133,41.5,60,0,10.76
147,Road Town,VG,2021-05-29 19:16:48,18.4167,-64.6167,86.2,65,40,8.05
148,Makakilo City,US,2021-05-29 19:12:30,21.3469,-158.0858,80.62,58,1,9.22
149,Sakakah,SA,2021-05-29 19:16:49,29.9697,40.2064,90.97,14,0,6.8
150,Moron,AR,2021-05-29 19:16:49,-34.6534,-58.6198,55.9,32,0,10.83
151,Quatre Cocos,MU,2021-05-29 19:16:50,-20.2078,57.7625,75.31,86,21,5.06
152,Harper,LR,2021-05-29 19:15:26,4.375,-7.7169,81.12,82,94,9.51
153,Kapuskasing,CA,2021-05-29 19:16:50,49.4169,-82.4331,64.49,24,1,2.3
154,Ilulissat,GL,2021-05-29 19:16:50,69.2167,-51.1,60.82,20,40,16.11
155,Kruisfontein,ZA,2021-05-29 19:16:51,-34.0033,24.7314,53.89,87,60,13.65
156,Kaduqli,SD,2021-05-29 19:16:51,11.0167,29.7167,92.46,32,75,3.76
157,Xining,CN,2021-05-29 19:16:51,36.6167,101.7667,52.47,61,39,3.76
158,Agbor,NG,2021-05-29 19:16:51,6.2518,6.1934,77.88,90,74,4.65
159,Northam,GB,2021-05-29 19:16:52,51.0333,-4.2167,63.68,86,45,7.0
160,Arraial Do Cabo,BR,2021-05-29 19:16:52,-22.9661,-42.0278,89.56,58,0,4.61
161,Aklavik,CA,2021-05-29 19:16:53,68.2191,-135.0107,32.72,69,90,6.91
162,Mahebourg,MU,2021-05-29 19:16:53,-20.4081,57.7,75.49,94,40,3.44
163,Severo-Kurilsk,RU,2021-05-29 19:16:53,50.6789,156.125,39.94,88,100,6.11
164,Cayenne,GF,2021-05-29 19:16:54,4.9333,-52.3333,82.44,85,75,5.01
165,Talcahuano,CL,2021-05-29 19:16:54,-36.7167,-73.1167,56.88,58,0,12.66
166,Mogocha,RU,2021-05-29 19:16:54,53.7333,119.7667,42.04,91,98,1.86
167,Eydhafushi,MV,2021-05-29 19:13:15,5.1033,73.0708,83.35,74,91,21.68
168,Wewak,PG,2021-05-29 19:16:55,-3.5534,143.6268,79.02,89,96,7.9
169,Jamestown,US,2021-05-29 19:12:02,42.097,-79.2353,53.19,78,90,3.0
170,Krasnokholm,RU,2021-05-29 19:16:55,51.5979,54.1567,64.49,81,100,8.01
171,Iquitos,PE,2021-05-29 19:15:38,-3.7481,-73.2472,93.24,52,75,5.75
172,Vanimo,PG,2021-05-29 19:16:56,-2.6741,141.3028,78.3,89,100,4.38
173,Gat,IL,2021-05-29 19:15:19,31.61,34.7642,73.81,100,0,3.74
174,Grindavik,IS,2021-05-29 19:16:56,63.8424,-22.4338,45.55,76,90,33.93
175,Nuuk,GL,2021-05-29 19:16:56,64.1835,-51.7216,45.88,76,40,14.97
176,Nata,PA,2021-05-29 19:16:57,8.3333,-80.5167,76.87,81,100,4.21
177,Vazante,BR,2021-05-29 19:16:57,-17.9869,-46.9078,87.24,33,100,4.27
178,Nikolskoye,RU,2021-05-29 19:16:57,59.7035,30.7861,51.69,67,0,4.18
179,Bosaso,SO,2021-05-29 19:16:58,11.2842,49.1816,89.82,47,19,2.91
180,Alta Floresta,BR,2021-05-29 19:16:47,-9.8756,-56.0861,93.02,38,40,4.61
181,Bafoulabe,ML,2021-05-29 19:16:58,13.8065,-10.8321,102.42,14,1,2.59
182,Llanes,ES,2021-05-29 19:16:58,43.4198,-4.7549,63.27,87,100,3.02
183,Ponnani,IN,2021-05-29 19:16:59,10.767,75.9252,81.72,86,100,3.67
184,Gornopravdinsk,RU,2021-05-29 19:16:59,60.05,69.9,58.01,74,29,10.22
185,Shasta Lake,US,2021-05-29 19:16:59,40.6804,-122.3708,92.08,20,19,1.88
186,Manoel Urbano,BR,2021-05-29 19:17:00,-8.8389,-69.2597,92.21,42,64,2.73
187,Bambous Virieux,MU,2021-05-29 19:17:00,-20.3428,57.7575,75.45,94,40,4.83
188,Tamamura,JP,2021-05-29 19:17:00,36.3,139.1167,66.74,74,100,5.82
189,Kaitangata,NZ,2021-05-29 19:17:01,-46.2817,169.8464,49.33,93,100,10.92
190,Harbin,CN,2021-05-29 19:17:01,45.75,126.65,51.75,53,9,5.35
191,Denpasar,ID,2021-05-29 19:17:02,-8.65,115.2167,78.46,94,20,5.12
192,Olafsvik,IS,2021-05-29 19:17:02,64.8945,-23.7142,44.85,90,100,30.36
193,Deputatskiy,RU,2021-05-29 19:17:02,69.3,139.9,43.81,56,43,8.93
194,Hermanus,ZA,2021-05-29 19:17:03,-34.4187,19.2345,57.9,82,22,4.7
195,Clyde River,CA,2021-05-29 19:17:03,70.4692,-68.5914,32.23,86,20,5.75
196,Saint George,US,2021-05-29 19:16:38,37.1041,-113.5841,91.44,12,1,1.99
197,Port Hedland,AU,2021-05-29 19:13:04,-20.3167,118.5667,69.85,73,100,6.91
198,Luderitz,NA,2021-05-29 19:17:04,-26.6481,15.1594,61.45,67,59,17.05
199,Beringovskiy,RU,2021-05-29 19:17:05,63.05,179.3167,31.3,84,7,10.36
200,Mackay,AU,2021-05-29 19:15:51,-21.15,149.2,65.68,80,76,17.34
201,Hithadhoo,MV,2021-05-29 19:17:05,-0.6,73.0833,83.61,72,61,17.58
202,Koumac,NC,2021-05-29 19:17:06,-20.5667,164.2833,68.31,65,77,13.24
203,Chuy,UY,2021-05-29 19:17:06,-33.6971,-53.4616,54.61,57,100,16.96
204,Kargasok,RU,2021-05-29 19:17:06,59.0556,80.8572,41.22,63,60,7.34
205,Rupert,US,2021-05-29 19:17:07,42.6191,-113.6772,66.15,24,1,6.85
206,Sinnamary,GF,2021-05-29 19:17:07,5.3833,-52.95,81.1,81,80,10.16
207,Losal,IN,2021-05-29 19:17:07,27.4,74.9167,96.71,23,98,10.25
208,Kavieng,PG,2021-05-29 19:17:08,-2.5744,150.7967,81.72,81,93,16.06
209,Lorengau,PG,2021-05-29 19:17:08,-2.0226,147.2712,81.99,79,32,11.65
210,Codrington,AU,2021-05-29 19:17:08,-38.2667,141.9667,39.9,94,3,6.49
211,Souillac,MU,2021-05-29 19:17:09,-20.5167,57.5167,75.58,94,40,6.44
212,Ipixuna,BR,2021-05-29 19:17:09,-1.7625,-48.8043,87.75,71,97,3.02
213,Coquimbo,CL,2021-05-29 19:17:09,-29.9533,-71.3436,62.33,72,0,9.71
214,Ponta Delgada,PT,2021-05-29 19:17:10,37.7333,-25.6667,66.92,68,40,10.36
215,Taldan,RU,2021-05-29 19:17:10,53.6667,124.8,37.87,96,10,4.09
216,Inhambane,MZ,2021-05-29 19:17:10,-23.865,35.3833,68.68,83,0,5.73
217,Kedrovyy,RU,2021-05-29 19:17:10,56.1667,91.8167,32.41,71,63,2.93
218,Svetlogorsk,BY,2021-05-29 19:17:11,52.6333,29.7333,53.22,93,100,7.65
219,Dolores,AR,2021-05-29 19:17:11,-36.3132,-57.6792,50.76,47,6,14.45
220,Stromness,GB,2021-05-29 19:17:11,58.965,-3.296,48.16,87,48,1.25
221,Iqaluit,CA,2021-05-29 19:17:12,63.7506,-68.5145,29.93,74,90,21.85
222,Monrovia,LR,2021-05-29 19:16:26,6.3005,-10.7969,80.37,84,100,8.59
223,Itarema,BR,2021-05-29 19:17:12,-2.9248,-39.9167,82.99,74,100,13.69
224,Poum,NC,2021-05-29 19:17:12,-20.2333,164.0167,70.86,61,74,18.95
225,Half Moon Bay,US,2021-05-29 19:13:45,37.4636,-122.4286,73.51,77,90,9.22
226,Folldal,NO,2021-05-29 19:17:13,62.1325,9.9968,60.58,46,3,3.67
227,Asau,RO,2021-05-29 19:17:13,46.4333,26.4,57.4,93,93,0.6
228,Komsomolskiy,UZ,2021-05-29 19:17:13,40.4272,71.7189,78.22,27,52,6.91
229,Young,UY,2021-05-29 19:17:14,-32.6833,-57.6333,58.23,48,0,13.8
230,Norman Wells,CA,2021-05-29 19:17:14,65.282,-126.8329,37.44,81,90,8.05
231,Blackwater,AU,2021-05-29 19:17:14,-23.5833,148.8833,53.47,68,76,6.73
232,Lavrentiya,RU,2021-05-29 19:17:15,65.5833,-171.0,31.05,81,8,9.66
233,Japura,ID,2021-05-29 19:17:15,-0.3167,102.35,75.76,90,100,2.51
234,Wakkanai,JP,2021-05-29 19:17:15,45.4094,141.6739,43.25,96,100,22.17
235,Tres Barras,BR,2021-05-29 19:17:16,-26.1064,-50.3222,74.23,64,0,5.84
236,Fairbanks,US,2021-05-29 19:15:02,64.8378,-147.7164,49.1,47,75,11.5
237,Cravo Norte,CO,2021-05-29 19:17:16,6.3017,-70.2041,82.99,74,100,7.87
238,Bengkulu,ID,2021-05-29 19:17:16,-3.8004,102.2655,75.33,86,100,2.57
239,Port Hardy,CA,2021-05-29 19:15:37,50.6996,-127.4199,51.98,82,40,4.61
240,Anadyr,RU,2021-05-29 19:17:17,64.75,177.4833,43.3,56,0,11.01
241,Sijunjung,ID,2021-05-29 19:17:17,-0.6876,100.9537,72.5,94,100,1.59
242,Porto Novo,BJ,2021-05-29 19:17:17,6.4965,2.6036,84.02,77,100,7.9
243,La Plata,AR,2021-05-29 19:16:03,-34.9215,-57.9545,57.0,42,0,13.56
244,Teya,RU,2021-05-29 19:17:18,60.3778,92.6267,33.87,95,100,7.09
245,Los Llanos De Aridane,ES,2021-05-29 19:17:18,28.6585,-17.9182,65.95,81,20,11.65
246,Korla,CN,2021-05-29 19:15:20,41.7597,86.1469,76.03,31,100,20.58
247,Changji,CN,2021-05-29 19:17:19,44.0167,87.3167,72.39,43,0,8.7
248,Eseka,CM,2021-05-29 19:17:19,3.65,10.7667,74.61,98,99,1.72
249,Uzyn,UA,2021-05-29 19:17:20,49.8262,30.4149,60.17,94,41,7.83
250,Nicoya,CR,2021-05-29 19:17:20,10.1483,-85.452,85.55,66,93,5.66
251,Bethel,US,2021-05-29 19:13:49,41.3712,-73.414,50.09,87,90,1.99
252,Xuddur,SO,2021-05-29 19:17:20,4.1213,43.8894,77.29,64,91,14.12
253,Ipojuca,BR,2021-05-29 19:17:21,-8.3989,-35.0639,80.51,65,5,8.66
254,Kilindoni,TZ,2021-05-29 19:17:21,-7.9139,39.6668,78.19,74,0,10.87
255,Rocha,UY,2021-05-29 19:17:21,-34.4833,-54.3333,52.21,58,6,17.34
256,Belyy Yar,RU,2021-05-29 19:17:22,53.6039,91.3903,42.69,93,82,2.04
257,Katsuura,JP,2021-05-29 19:17:22,35.1333,140.3,68.14,92,99,12.15
258,Berlevag,NO,2021-05-29 19:17:22,70.8578,29.0864,39.67,85,99,11.48
259,Santa Cruz,BO,2021-05-29 19:17:22,-17.8,-63.1667,87.26,58,75,13.8
260,Buala,SB,2021-05-29 19:17:23,-8.145,159.5921,77.31,88,99,3.06
261,Mazara Del Vallo,IT,2021-05-29 19:17:23,37.6641,12.588,72.93,72,22,5.41
262,Romny,UA,2021-05-29 19:17:23,50.751,33.4747,54.86,88,64,11.3
263,Manta,EC,2021-05-29 19:17:24,-0.95,-80.7333,82.18,69,75,11.5
264,Fukue,JP,2021-05-29 19:17:24,32.6881,128.8419,67.12,68,100,3.11
265,Ponta Do Sol,PT,2021-05-29 19:17:24,32.6667,-17.1,70.12,57,34,4.81
266,Middelburg,ZA,2021-05-29 19:17:25,-25.7751,29.4648,53.44,24,0,2.82
267,Honningsvag,NO,2021-05-29 19:17:25,70.9821,25.9704,41.18,88,100,18.57
268,Kamiiso,JP,2021-05-29 19:17:25,41.8167,140.65,54.63,95,100,4.83
269,Dingle,PH,2021-05-29 19:13:08,10.9995,122.6711,77.83,91,96,2.17
270,Oranjestad,AW,2021-05-29 19:17:26,12.524,-70.027,85.95,66,75,20.71
271,Mezen,RU,2021-05-29 19:17:26,65.8522,44.24,33.19,95,100,13.53
272,Kristiinankaupunki,FI,2021-05-29 19:17:26,62.2743,21.376,45.14,73,79,5.77
273,Praya,CV,2021-05-29 19:15:23,14.9215,-23.5087,75.74,64,20,18.41
274,Lahij,YE,2021-05-29 19:17:27,13.1667,44.5833,90.72,30,100,4.7
275,San Cristobal,VE,2021-05-29 19:17:27,7.7669,-72.225,71.78,75,65,3.89
276,Altay,CN,2021-05-29 19:17:27,47.8667,88.1167,57.24,45,1,4.23
277,Airai,TL,2021-05-29 19:17:28,-8.9266,125.4092,55.76,91,73,1.99
278,Mokrous,RU,2021-05-29 19:17:28,51.2333,47.5167,62.64,93,99,4.83
279,Avera,US,2021-05-29 19:17:28,33.194,-82.5271,87.91,31,38,15.3
280,Elat,IL,2021-05-29 19:17:29,29.5581,34.9482,89.44,17,0,13.8
281,Hasaki,JP,2021-05-29 19:17:29,35.7333,140.8333,66.6,82,100,1.1
282,Te Anau,NZ,2021-05-29 19:17:29,-45.4167,167.7167,45.97,96,100,7.07
283,Bonavista,CA,2021-05-29 19:16:44,48.6499,-53.1147,57.2,75,6,13.94
284,Allapalli,IN,2021-05-29 19:17:30,19.4167,80.0667,91.29,35,71,1.57
285,Port Said,EG,2021-05-29 19:17:30,31.2565,32.2841,75.18,78,0,11.5
286,Ballina,AU,2021-05-29 19:15:25,-28.8667,153.5667,51.94,78,100,14.47
287,Colares,PT,2021-05-29 19:17:30,38.7992,-9.4469,66.79,71,20,14.0
288,Tocopilla,CL,2021-05-29 19:17:31,-22.092,-70.1979,69.53,66,15,7.94
289,Vuktyl,RU,2021-05-29 19:17:31,63.8567,57.3094,46.78,74,100,6.17
290,Acapulco,MX,2021-05-29 19:13:36,16.8634,-99.8901,91.22,58,75,8.63
291,Tromso,NO,2021-05-29 19:17:31,69.6496,18.957,47.05,87,75,1.01
292,Nador,MA,2021-05-29 19:17:32,35.174,-2.9287,68.07,82,0,5.39
293,Cocobeach,GA,2021-05-29 19:17:32,1.0002,9.5823,82.33,86,100,6.24
294,Auki,SB,2021-05-29 19:17:32,-8.7676,160.7034,75.16,92,100,2.66
295,Grootfontein,NA,2021-05-29 19:17:32,-19.5667,18.1167,49.57,62,0,1.14
296,Yongchang,CN,2021-05-29 19:17:33,30.0381,119.7317,73.58,85,100,4.23
297,Mehran,IR,2021-05-29 19:17:33,33.1222,46.1646,87.28,9,0,9.4
298,Curup,ID,2021-05-29 19:17:34,-3.4667,102.5333,67.53,92,100,2.44
299,San Patricio,US,2021-05-29 19:17:34,28.017,-97.5169,81.32,68,72,6.33
300,Siniscola,IT,2021-05-29 19:17:34,40.5719,9.6922,69.35,69,90,3.56
301,Kirakira,SB,2021-05-29 19:17:34,-10.4544,161.9205,76.5,92,100,4.18
302,Busing,PH,2021-05-29 19:17:35,13.1514,122.9714,82.76,78,100,6.29
303,Teknaf,BD,2021-05-29 19:17:35,20.8624,92.3058,81.07,88,30,4.36
304,Beidao,CN,2021-05-29 19:17:35,34.5686,105.8933,64.51,65,99,3.76
305,Orda,RU,2021-05-29 19:17:36,57.1951,56.9091,64.58,74,100,4.14
306,Cabedelo,BR,2021-05-29 19:17:36,-6.9811,-34.8339,83.07,74,8,16.13
307,Afrikanda,RU,2021-05-29 19:17:36,67.4429,32.7828,37.92,100,36,5.7
308,Canmore,CA,2021-05-29 19:15:10,51.0834,-115.3521,59.11,32,13,4.83
309,Isangel,VU,2021-05-29 19:17:37,-19.55,169.2667,70.0,59,100,1.25
310,Kaeo,NZ,2021-05-29 19:17:37,-35.1,173.7833,45.32,96,86,6.4
311,Flin Flon,CA,2021-05-29 19:15:37,54.7682,-101.865,48.04,93,90,15.12
312,Marmaris,TR,2021-05-29 19:17:38,36.855,28.2742,72.1,61,0,7.61
313,Saint Anthony,US,2021-05-29 19:17:38,45.0205,-93.218,66.29,38,1,3.0
314,Revelstoke,CA,2021-05-29 19:17:38,50.9832,-118.2023,59.02,58,1,3.44
315,Loreto,MX,2021-05-29 19:13:20,22.2667,-101.9667,83.25,23,97,1.95
316,Nadym,RU,2021-05-29 19:17:39,65.5333,72.5167,54.64,86,100,20.58
317,Bulls,NZ,2021-05-29 19:17:39,-40.1667,175.3833,49.08,92,100,4.99
318,Bolshoye Nagatkino,RU,2021-05-29 19:17:39,54.5196,47.9679,65.37,93,100,3.4
319,Sibu,MY,2021-05-29 19:17:40,2.3,111.8167,73.71,100,40,1.72
320,Mananjary,MG,2021-05-29 19:17:40,-21.2167,48.3333,69.85,90,4,7.0
321,Casino,AU,2021-05-29 19:17:40,-28.8667,153.05,55.15,93,81,4.61
322,Pisco,PE,2021-05-29 19:17:41,-13.7,-76.2167,67.01,82,90,8.05
323,Xuanzhou,CN,2021-05-29 19:17:41,30.9525,118.7553,71.04,87,97,3.0
324,Hay River,CA,2021-05-29 19:17:41,60.8156,-115.7999,55.38,50,40,9.22
325,Saint-Pierre,RE,2021-05-29 19:17:41,-21.3393,55.4781,69.44,73,0,4.61
326,Ostrovnoy,RU,2021-05-29 19:17:42,68.0531,39.5131,35.19,79,100,16.82
327,Hobyo,SO,2021-05-29 19:17:42,5.3505,48.5268,79.7,81,96,21.77
328,Lata,PT,2021-05-29 19:17:42,40.1629,-8.3327,62.35,73,0,5.14
329,Mazagao,BR,2021-05-29 19:17:43,-0.115,-51.2894,91.45,64,19,5.3
330,Linxia,CN,2021-05-29 19:17:43,35.6003,103.2064,57.45,47,32,4.85
331,Allonnes,FR,2021-05-29 19:17:43,47.9674,0.1581,69.84,49,0,6.91
332,Nome,US,2021-05-29 19:17:44,64.5011,-165.4064,49.1,31,1,12.66
333,Zaton,RU,2021-05-29 19:17:44,53.2936,83.8072,54.99,40,40,3.62
334,Nuevo Laredo,MX,2021-05-29 19:14:58,27.4763,-99.5164,86.83,63,75,0.0
335,Naze,JP,2021-05-29 19:17:44,28.3667,129.4833,64.2,91,100,5.32
336,La Ronge,CA,2021-05-29 19:17:45,55.1001,-105.2842,46.65,71,90,14.97
337,Vila Velha,BR,2021-05-29 19:17:45,-20.3297,-40.2925,86.97,54,0,11.99
338,Faya,SA,2021-05-29 19:17:45,18.3851,42.4509,70.32,37,100,2.37
339,Hidalgotitlan,MX,2021-05-29 19:17:46,17.7833,-94.6333,95.02,38,86,5.77
340,Mount Gambier,AU,2021-05-29 19:17:46,-37.8333,140.7667,33.71,93,75,1.14
341,Caucaia,BR,2021-05-29 19:17:46,-3.7361,-38.6531,84.15,72,20,6.4
342,Svetlyy,RU,2021-05-29 19:17:47,54.675,20.1347,50.05,90,5,10.13
343,Tikhvin,RU,2021-05-29 19:17:47,59.6451,33.5294,47.21,65,93,5.48
344,Charlottesville,US,2021-05-29 19:17:47,38.0293,-78.4767,58.39,87,90,1.99
345,Lazaro Cardenas,MX,2021-05-29 19:17:48,17.9583,-102.2,88.32,55,72,11.65
346,Tautira,PF,2021-05-29 19:17:48,-17.7333,-149.15,82.42,71,100,10.47
347,Obihiro,JP,2021-05-29 19:17:48,42.9172,143.2044,46.85,98,100,1.86
348,Kenai,US,2021-05-29 19:17:49,60.5544,-151.2583,51.03,90,90,11.5
349,Port Blair,IN,2021-05-29 19:17:49,11.6667,92.75,81.27,83,100,6.17
350,Sainte-Suzanne,RE,2021-05-29 19:17:49,-20.9061,55.6089,69.98,83,0,6.67
351,Hays,US,2021-05-29 19:17:49,30.0502,-98.0336,86.4,63,69,1.01
352,Albemarle,US,2021-05-29 19:17:01,35.3501,-80.2001,87.62,70,40,8.05
353,Hami,CN,2021-05-29 19:17:50,42.8,93.45,81.73,19,68,5.1
354,Floro,NO,2021-05-29 19:17:50,61.5996,5.0328,66.24,82,75,9.22
355,Constitucion,CL,2021-05-29 19:17:50,-35.3333,-72.4167,58.15,62,100,13.98
356,Fallon,US,2021-05-29 19:17:51,39.4735,-118.7774,78.67,12,75,6.91
357,Saltillo,MX,2021-05-29 19:14:07,25.4167,-101.0,87.15,43,5,8.03
358,Norden,DE,2021-05-29 19:17:51,53.6,7.2,51.91,75,47,1.99
359,Eureka,US,2021-05-29 19:17:51,40.8021,-124.1637,81.75,81,29,4.0
360,Kyra,RU,2021-05-29 19:17:52,49.5776,111.9753,37.18,89,6,4.43
361,Gigmoto,PH,2021-05-29 19:17:52,13.7796,124.39,81.55,84,100,3.2
362,Pangai,TO,2021-05-29 19:17:52,-19.8,-174.35,78.66,80,72,7.0
363,Abu Kamal,SY,2021-05-29 19:17:53,34.4506,40.9171,86.25,17,0,8.28
364,Lac Du Bonnet,CA,2021-05-29 19:17:53,50.2536,-96.0612,66.58,59,100,14.94
365,Sobolevo,RU,2021-05-29 19:17:53,54.4299,31.8996,52.41,90,100,9.93
366,Manokwari,ID,2021-05-29 19:17:54,-0.8667,134.0833,79.57,80,100,5.17
367,Guaruja,BR,2021-05-29 19:17:54,-23.9931,-46.2564,84.27,50,100,1.01
368,Narasannapeta,IN,2021-05-29 19:17:54,18.4167,84.05,82.02,69,68,4.05
369,Karangasem,ID,2021-05-29 19:17:55,-8.45,115.6167,77.88,85,62,6.76
370,Soligalich,RU,2021-05-29 19:17:55,59.0778,42.2864,42.44,79,87,9.24
371,Roma,US,2021-05-29 19:14:03,43.2128,-75.4557,61.86,60,1,11.5
372,Hendersonville,US,2021-05-29 19:15:14,36.3048,-86.62,61.75,80,100,5.01
373,Leningradskiy,RU,2021-05-29 19:17:56,69.3833,178.4167,33.85,80,26,7.0
374,Mindelo,CV,2021-05-29 19:17:56,16.8901,-24.9804,74.75,60,20,19.91
375,Wattegama,LK,2021-05-29 19:17:56,6.7989,81.4808,75.13,90,98,2.86
376,Umm Lajj,SA,2021-05-29 19:17:57,25.0213,37.2685,85.98,56,100,6.73
377,Nokaneng,BW,2021-05-29 19:17:57,-19.6667,22.2667,61.21,27,0,4.18
378,Awassa,ET,2021-05-29 19:17:57,7.05,38.4667,64.98,73,81,3.83
379,Hopkinsville,US,2021-05-29 19:16:35,36.8656,-87.4886,56.62,80,100,1.01
380,Bydgoszcz,PL,2021-05-29 19:17:03,53.1235,18.0076,52.83,68,0,10.36
381,Sergeyevka,KZ,2021-05-29 19:17:58,53.88,67.4158,62.01,45,80,9.57
382,Tuatapere,NZ,2021-05-29 19:17:58,-46.1333,167.6833,49.82,94,100,8.05
383,Lagoa,PT,2021-05-29 19:17:58,39.05,-27.9833,63.9,73,17,8.01
384,Tual,ID,2021-05-29 19:17:59,-5.6667,132.75,80.87,81,100,17.74
385,Lompoc,US,2021-05-29 19:17:59,34.6391,-120.4579,68.31,76,90,16.11
386,Mahajanga,MG,2021-05-29 19:17:59,-15.7167,46.3167,75.22,78,20,3.44
387,Avanigadda,IN,2021-05-29 19:18:00,16.0215,80.9181,89.96,60,62,7.34
388,Iraucuba,BR,2021-05-29 19:18:00,-3.7461,-39.7833,88.11,48,98,9.04
389,Vardo,NO,2021-05-29 19:18:00,70.3705,31.1107,39.49,77,29,13.18
390,Kashi,CN,2021-05-29 19:18:01,39.4547,75.9797,78.01,19,40,8.21
391,Dumas,US,2021-05-29 19:18:01,35.8656,-101.9732,78.15,56,40,17.27
392,Bandarbeyla,SO,2021-05-29 19:18:01,9.4942,50.8122,79.63,85,41,27.2
393,Kununurra,AU,2021-05-29 19:18:02,-15.7667,128.7333,57.18,82,100,2.3
394,Ilhabela,BR,2021-05-29 19:15:56,-23.7781,-45.3581,85.35,56,100,7.0
395,Kumasi,GH,2021-05-29 19:18:02,6.6885,-1.6244,77.31,83,27,5.32
396,Taltal,CL,2021-05-29 19:18:03,-25.4,-70.4833,67.82,67,24,5.08
397,Medea,DZ,2021-05-29 19:13:08,36.2642,2.7539,59.45,65,11,4.92
398,Gimli,CA,2021-05-29 19:18:03,50.6336,-96.9907,72.43,52,59,21.85
399,Hua Hin,TH,2021-05-29 19:18:04,12.5707,99.9588,79.77,82,100,7.92
400,Palana,RU,2021-05-29 19:18:04,59.1167,159.9667,34.29,82,100,2.57
401,Byron Bay,AU,2021-05-29 19:16:34,-28.65,153.6167,58.95,77,100,15.1
402,San Luis Rio Colorado,MX,2021-05-29 19:18:05,32.4631,-114.7767,98.91,19,0,10.36
403,Polovinnoye,RU,2021-05-29 19:18:05,54.7914,65.9864,63.12,45,6,9.17
404,Hovd,MN,2021-05-29 19:18:05,48.0056,91.6419,49.48,57,9,9.57
405,Chunskiy,RU,2021-05-29 19:13:08,56.0815,99.6342,31.98,79,100,3.67
406,Geneva,US,2021-05-29 19:15:59,41.8875,-88.3054,63.86,32,1,5.99
407,Colombo,LK,2021-05-29 19:14:05,6.9319,79.8478,80.35,85,96,14.16
408,Konevo,RU,2021-05-29 19:18:06,62.1215,39.3192,37.22,71,4,7.78
409,Dawlatabad,AF,2021-05-29 19:18:06,36.4141,64.9053,87.17,17,0,1.5
410,Opunake,NZ,2021-05-29 19:18:07,-39.4556,173.8583,51.33,82,81,14.83
411,Panguna,PG,2021-05-29 19:18:07,-6.3164,155.4848,68.31,98,95,2.44
412,Malya,TZ,2021-05-29 19:18:07,-2.9833,33.5167,73.78,55,100,3.33
413,San Vicente,AR,2021-05-29 19:18:08,-26.6167,-54.1333,67.14,72,87,6.02
414,Villa Carlos Paz,AR,2021-05-29 19:18:08,-31.4241,-64.4978,64.38,36,0,5.99
415,Mehamn,NO,2021-05-29 19:18:08,71.0357,27.8492,40.89,82,98,14.9
416,Paamiut,GL,2021-05-29 19:18:08,61.994,-49.6678,35.89,93,100,8.1
417,Maragogi,BR,2021-05-29 19:18:09,-9.0122,-35.2225,79.57,70,18,7.58
418,Macenta,GN,2021-05-29 19:18:09,8.5435,-9.471,76.12,81,39,2.01
419,Mananara,MG,2021-05-29 19:18:10,-16.1667,49.7667,69.55,92,28,4.16
420,Nongpoh,IN,2021-05-29 19:18:10,25.9,91.8833,71.17,89,8,3.94
421,Belogorsk,RU,2021-05-29 19:18:10,50.9158,128.4611,50.09,96,100,2.39
422,Humberto De Campos,BR,2021-05-29 19:18:11,-2.5983,-43.4611,82.85,75,73,5.32
423,Sorland,NO,2021-05-29 19:18:11,67.667,12.6934,42.66,77,100,8.75
424,Katangli,RU,2021-05-29 19:18:11,51.7102,143.2326,34.83,96,100,13.22
425,Russell,US,2021-05-29 19:18:12,32.3502,-85.1999,82.15,47,40,11.68
426,Saint-Augustin,CA,2021-05-29 19:18:12,51.226,-58.6502,55.35,39,99,11.41
427,Tayu,ID,2021-05-29 19:18:12,-6.5397,111.0518,78.51,82,100,3.38
428,Greenwood,US,2021-05-29 19:15:52,34.1668,-82.1165,84.54,57,1,1.99
429,Fonte Boa,BR,2021-05-29 19:18:13,-2.4959,-66.2662,88.9,56,93,2.55
430,Pueblo Rico,CO,2021-05-29 19:18:13,5.2383,-76.0364,74.68,78,93,4.07
431,Vredendal,ZA,2021-05-29 19:18:13,-31.6683,18.5012,57.74,80,66,6.2
432,Ati,TD,2021-05-29 19:18:14,13.2154,18.3353,96.12,10,14,9.06
433,Abu Samrah,SY,2021-05-29 19:17:41,35.3029,37.1841,69.6,53,0,9.26
434,Lebowakgomo,ZA,2021-05-29 19:18:14,-24.2,29.5,58.1,45,0,2.21
435,Dembi Dolo,ET,2021-05-29 19:18:14,8.5333,34.8,59.59,85,11,3.2
436,Kipushi,CD,2021-05-29 19:18:15,-11.7667,27.2333,55.38,53,0,3.22
437,Serabu,SL,2021-05-29 19:18:15,7.7958,-12.0536,79.86,87,88,5.55
438,Sur,OM,2021-05-29 19:18:15,22.5667,59.5289,89.08,52,13,11.77
439,Bay City,US,2021-05-29 19:18:16,43.5945,-83.8889,63.16,30,1,17.31
440,Tshela,CD,2021-05-29 19:18:16,-4.9833,12.9333,77.38,82,98,3.0
441,Nouadhibou,MR,2021-05-29 19:18:16,20.931,-17.0347,67.98,77,93,16.11
442,Talnakh,RU,2021-05-29 19:18:17,69.4865,88.3972,28.4,98,99,4.59
443,Cabra,ES,2021-05-29 19:18:17,37.4725,-4.4421,85.3,46,24,7.83
444,Ixtapa,MX,2021-05-29 19:18:17,20.7,-105.2,81.63,74,1,13.8
445,Port Macquarie,AU,2021-05-29 19:17:14,-31.4333,152.9167,52.9,81,91,14.99
446,Kieta,PG,2021-05-29 19:18:18,-6.2167,155.6333,76.68,91,97,3.11
447,Dunedin,NZ,2021-05-29 19:18:18,-45.8742,170.5036,49.8,96,100,12.21
448,Durazno,UY,2021-05-29 19:18:18,-33.4131,-56.5006,55.35,44,40,17.27
449,Batagay,RU,2021-05-29 19:18:19,67.6333,134.6333,45.88,54,49,5.88
450,Muyinga,BI,2021-05-29 19:18:19,-2.8333,30.3333,63.7,80,99,3.47
451,Yashkino,RU,2021-05-29 19:18:19,55.8736,85.4265,32.95,67,9,4.79
452,Paez,CO,2021-05-29 19:18:20,5.1011,-73.0512,70.61,92,100,2.17
453,Bolobo,CD,2021-05-29 19:18:20,-2.1667,16.2333,77.68,70,83,2.55
454,Petropavlovsk-Kamchatskiy,RU,2021-05-29 19:16:09,53.0452,158.6483,39.79,87,75,1.19
455,Giyani,ZA,2021-05-29 19:18:20,-23.3025,30.7187,64.67,49,0,1.21
456,Srednekolymsk,RU,2021-05-29 19:18:21,67.45,153.6833,51.51,44,14,12.82
457,Mercedes,AR,2021-05-29 19:18:21,-34.6515,-59.4307,57.85,46,5,11.92
458,Vallenar,CL,2021-05-29 19:18:21,-28.5708,-70.7581,83.05,20,0,7.29
459,Santa Isabel Do Rio Negro,BR,2021-05-29 19:18:22,-0.4139,-65.0192,84.43,78,100,3.2
460,Okakarara,NA,2021-05-29 19:18:22,-20.5833,17.4333,59.65,25,1,4.68
461,Beipiao,CN,2021-05-29 19:18:22,41.7919,120.7792,57.43,55,100,4.81
462,Qaqortoq,GL,2021-05-29 19:18:22,60.7167,-46.0333,46.9,83,100,7.31
463,Port-Gentil,GA,2021-05-29 19:18:23,-0.7193,8.7815,79.14,86,93,12.28
464,Oda,JP,2021-05-29 19:18:23,35.1833,132.5,59.04,63,7,6.53
465,Teacapan,MX,2021-05-29 19:18:23,22.55,-105.75,85.3,55,95,10.25
466,Ambilobe,MG,2021-05-29 19:16:57,-13.2,49.05,71.47,87,0,3.42
467,Mogadishu,SO,2021-05-29 19:18:24,2.0371,45.3438,78.58,84,69,14.43
468,Tiznit,MA,2021-05-29 19:18:14,29.5833,-9.5,77.0,45,100,5.68
469,Luwuk,ID,2021-05-29 19:18:24,-0.9516,122.7875,77.52,88,73,4.56
470,Haines Junction,CA,2021-05-29 19:18:24,60.7522,-137.5108,51.75,40,89,12.66
471,Zabid,YE,2021-05-29 19:18:25,14.1951,43.3152,93.92,33,38,2.01
472,Yulara,AU,2021-05-29 19:18:25,-25.2406,130.9889,46.24,66,100,5.75
473,Vostok,RU,2021-05-29 19:18:25,46.4856,135.8833,42.31,91,100,2.91
474,Ankazobe,MG,2021-05-29 19:18:26,-18.3167,47.1167,61.21,73,0,1.07
475,Coroata,BR,2021-05-29 19:18:26,-4.13,-44.1242,85.96,59,68,2.71
476,Biloela,AU,2021-05-29 19:18:26,-24.4167,150.5,51.62,72,100,8.32
477,Iralaya,HN,2021-05-29 19:18:27,15.0,-83.2333,84.96,62,0,9.1
478,Seymchan,RU,2021-05-29 19:18:27,62.8833,152.4333,41.23,64,12,8.14
479,Sibenik,HR,2021-05-29 19:18:27,43.7272,15.9058,71.26,67,87,5.17
480,Kano,NG,2021-05-29 19:18:28,12.0001,8.5167,80.49,74,20,5.75
481,Simdega,IN,2021-05-29 19:18:28,22.6167,84.5167,82.87,57,35,6.42
482,Shu,KZ,2021-05-29 19:18:28,43.5983,73.7614,71.37,44,14,6.29
483,Alexandria,EG,2021-05-29 19:14:44,31.2156,29.9553,72.57,70,0,5.5
484,Ruwi,OM,2021-05-29 19:18:29,23.5996,58.5507,94.69,38,20,7.05
485,Orotukan,RU,2021-05-29 19:18:29,62.2667,151.7,36.59,78,17,9.08
486,Najran,SA,2021-05-29 19:18:30,17.4924,44.1277,84.85,17,66,1.88
487,Baker City,US,2021-05-29 19:18:30,44.7749,-117.8344,64.15,30,1,3.44
488,Coracora,PE,2021-05-29 19:18:30,-15.0333,-73.7833,58.5,50,87,11.21
489,Svolvaer,NO,2021-05-29 19:18:31,68.2342,14.5683,47.5,82,100,9.57
490,Vestmannaeyjar,IS,2021-05-29 19:18:31,63.4427,-20.2734,47.39,87,75,14.97
491,Krasnoselkup,RU,2021-05-29 19:18:31,65.7,82.4667,38.19,51,2,9.55
492,Padang,ID,2021-05-29 19:18:32,-0.9492,100.3543,78.31,76,100,4.65
493,Phan Thiet,VN,2021-05-29 19:18:32,10.9333,108.1,78.78,89,67,6.29
494,Lumeje,AO,2021-05-29 19:18:32,-11.55,20.7833,60.78,36,10,5.75
495,Daru,PG,2021-05-29 19:18:33,-9.0763,143.2092,76.71,74,90,11.79
496,Xai-Xai,MZ,2021-05-29 19:18:33,-25.0519,33.6442,67.23,86,8,2.98
497,Asekeyevo,RU,2021-05-29 19:18:33,53.5742,52.7972,64.87,68,89,6.35
498,Hokitika,NZ,2021-05-29 19:18:33,-42.7167,170.9667,48.22,87,100,12.17
499,Sibolga,ID,2021-05-29 19:18:34,1.7427,98.7792,77.07,90,95,2.91
500,Cape Canaveral,US,2021-05-29 19:18:34,28.4058,-80.6048,94.24,61,20,14.97
501,Lasa,IT,2021-05-29 19:18:35,46.6166,10.7002,60.71,86,6,6.82
502,Karla,EE,2021-05-29 19:18:35,59.3723,24.9275,49.96,66,0,8.05
503,Cap-Aux-Meules,CA,2021-05-29 19:17:02,47.3821,-61.8597,48.22,61,75,8.05
504,Tamworth,GB,2021-05-29 19:14:38,52.634,-1.6959,65.84,54,3,1.01
505,Igarka,RU,2021-05-29 19:18:35,67.4667,86.5833,19.0,95,7,5.46
506,Charcas,MX,2021-05-29 19:18:36,23.1333,-101.1167,79.16,35,6,8.28
507,Umm Kaddadah,SD,2021-05-29 19:18:36,13.6017,26.6876,95.32,10,9,10.11
508,Sao Desiderio,BR,2021-05-29 19:18:36,-12.3633,-44.9733,89.37,25,59,3.53
509,Kisangani,CD,2021-05-29 19:18:37,0.5167,25.2,75.09,80,99,2.66
510,Orgtrud,RU,2021-05-29 19:18:37,56.1832,40.6149,50.86,96,100,13.09
511,Frankfort,ZA,2021-05-29 19:18:37,-27.2667,28.4833,48.36,40,0,5.79
512,Oranjemund,NA,2021-05-29 19:18:37,-28.55,16.4333,58.98,77,100,17.34
513,Iskateley,RU,2021-05-29 19:18:38,67.6803,53.1512,33.76,67,98,13.33
514,Portland,US,2021-05-29 19:15:47,45.5234,-122.6762,75.87,51,20,1.99
515,Progreso,MX,2021-05-29 19:17:37,21.2833,-89.6667,97.11,58,6,13.11
516,Mae Sai,TH,2021-05-29 19:18:38,20.4335,99.8762,76.32,96,100,1.03
517,Rajpur,IN,2021-05-29 19:18:39,22.3,74.35,85.75,58,100,14.74
518,Bardiyah,LY,2021-05-29 19:18:39,31.7561,25.0865,73.17,57,1,7.0
519,Dalby,AU,2021-05-29 19:18:39,-27.1833,151.2667,38.1,64,100,6.22
520,Magdagachi,RU,2021-05-29 19:18:39,53.45,125.8,43.41,90,100,2.98
521,Loncoche,CL,2021-05-29 19:18:40,-39.3667,-72.6333,49.78,73,100,1.54
522,Kampong Thum,KH,2021-05-29 19:18:40,12.7111,104.8887,81.79,78,100,2.95
523,Husavik,IS,2021-05-29 19:18:40,66.0449,-17.3389,55.31,58,100,11.77
524,Ullal,IN,2021-05-29 19:18:41,12.8,74.85,77.95,94,75,2.73
525,Tigzirt,DZ,2021-05-29 19:18:41,36.8886,4.1198,65.5,80,13,3.27
526,Aanekoski,FI,2021-05-29 19:18:41,62.6946,25.818,51.87,54,12,4.45
527,Tevriz,RU,2021-05-29 19:18:42,57.509,72.4042,56.91,91,68,5.08
528,Mendi,PG,2021-05-29 19:18:42,-6.1761,143.6513,55.2,98,90,0.83
529,Kloulklubed,PW,2021-05-29 19:18:42,7.0419,134.2556,82.4,82,100,18.16
530,Kuminskiy,RU,2021-05-29 19:18:43,58.6667,66.5667,62.29,72,11,7.78
531,West Bay,KY,2021-05-29 19:18:43,19.3667,-81.4167,84.99,76,75,3.13
532,Zhigalovo,RU,2021-05-29 19:18:43,54.8097,105.1578,35.56,75,100,3.69
533,Dicabisagan,PH,2021-05-29 19:18:43,17.0818,122.4157,79.81,85,80,4.23
534,Jimenez,MX,2021-05-29 19:18:44,28.3333,-105.4,90.34,15,3,3.2
535,Bubaque,GW,2021-05-29 19:18:44,11.2833,-15.8333,79.07,69,7,19.08
536,Kushmurun,KZ,2021-05-29 19:18:44,52.4503,64.6311,67.68,29,0,10.33
537,Xichang,CN,2021-05-29 19:18:45,27.8964,102.2634,62.33,89,100,3.44
538,Frontera,MX,2021-05-29 19:18:23,26.9333,-101.45,82.15,94,20,0.0
539,Mosquera,CO,2021-05-29 19:18:45,4.7059,-74.2302,59.09,88,40,9.22
540,Ridgecrest,US,2021-05-29 19:15:00,35.6225,-117.6709,89.46,12,1,9.22
541,Mapiripan,CO,2021-05-29 19:16:07,2.8892,-72.1256,84.34,72,100,5.35
542,Sasykoli,RU,2021-05-29 19:18:46,47.5515,46.9968,75.79,46,72,6.62
543,Rio Grande,BR,2021-05-29 19:16:48,-32.035,-52.0986,66.31,58,5,18.43
544,Adavere,EE,2021-05-29 19:18:46,58.7086,25.8994,49.95,67,6,5.59
545,Longyearbyen,SJ,2021-05-29 19:18:46,78.2186,15.6401,33.64,75,75,8.05
546,Manaus,BR,2021-05-29 19:15:27,-3.1019,-60.025,86.5,70,75,3.44
547,Straumen,NO,2021-05-29 19:18:47,63.8709,11.2999,59.0,63,17,2.73
548,Vulturu,RO,2021-05-29 19:18:47,45.6167,27.4167,61.57,73,73,7.58
549,Araouane,ML,2021-05-29 19:18:47,18.9048,-3.5265,102.63,15,93,7.81
550,Huambo,AO,2021-05-29 19:18:48,-12.7761,15.7392,58.14,37,8,0.76
551,Whitehorse,CA,2021-05-29 19:15:37,60.7161,-135.0538,50.77,49,90,18.01
552,Palmeira Das Missoes,BR,2021-05-29 19:16:14,-27.8994,-53.3136,60.71,81,100,8.48
553,Moose Factory,CA,2021-05-29 19:18:48,51.2585,-80.6094,62.6,44,1,12.66
554,Eyl,SO,2021-05-29 19:18:49,7.9803,49.8164,80.37,79,46,20.87
555,Zhelyabovka,UA,2021-05-29 19:18:49,45.3988,34.7578,63.86,88,100,6.73
556,Urengoy,RU,2021-05-29 19:18:49,65.9667,78.3667,44.01,50,34,16.64
557,Pangody,RU,2021-05-29 19:18:50,65.85,74.4859,52.34,60,100,25.55
558,Erzin,TR,2021-05-29 19:18:50,36.9559,36.2,71.01,89,26,4.16
559,Belmonte,BR,2021-05-29 19:18:50,-15.8631,-38.8828,81.1,71,100,5.79
560,Tanout,NE,2021-05-29 19:18:51,14.9709,8.8879,90.25,19,93,2.66
561,Tezu,IN,2021-05-29 19:18:51,27.9167,96.1667,76.12,74,94,3.58
562,Tabou,CI,2021-05-29 19:18:51,4.423,-7.3528,81.01,82,65,8.59
563,Acara,BR,2021-05-29 19:18:52,-1.9608,-48.1967,90.14,53,90,2.66
564,Anupgarh,IN,2021-05-29 19:18:52,29.1911,73.2086,98.4,20,7,5.97
